"","genbank_accession","organism","uid","loc","species_name","processid","lat","lon"
"1","AF294445","Macquarie perch","10880835","CES-712|Australia: Kangaroo River, NSW",NA,NA,NA,NA
"2","AF295046","Macquarie perch","10880851","CES-208|Australia: Cotter River, ACT",NA,NA,NA,NA
"3","AH013012","Macquarie perch","1032518910","W1",NA,NA,NA,NA
"4","AY254554","Macquarie perch","32454690","M.austW1",NA,NA,NA,NA
"5","EU527921","Macquarie perch","188523989","1",NA,NA,NA,NA
"6","EU527922","Macquarie perch","188523990","2",NA,NA,NA,NA
"7","EU527923","Macquarie perch","188523991","3",NA,NA,NA,NA
"8","EU527924","Macquarie perch","188523992","4",NA,NA,NA,NA
"9","EU527925","Macquarie perch","188523993","5",NA,NA,NA,NA
"10","EU527926","Macquarie perch","188523994","6",NA,NA,NA,NA
"11","EU527927","Macquarie perch","188523995","7",NA,NA,NA,NA
"12","EU527928","Macquarie perch","188523996","8",NA,NA,NA,NA
"13","EU527929","Macquarie perch","188523997","9",NA,NA,NA,NA
"14","EU527930","Macquarie perch","188523998","10",NA,NA,NA,NA
"15","EU527931","Macquarie perch","188523999","11",NA,NA,NA,NA
"16","EU527932","Macquarie perch","188524000","12",NA,NA,NA,NA
"17","EU527933","Macquarie perch","188524001","13",NA,NA,NA,NA
"18","EU527934","Macquarie perch","188524002","14",NA,NA,NA,NA
"19","EU527935","Macquarie perch","188524003","15",NA,NA,NA,NA
"20","EU527936","Macquarie perch","188524004","16",NA,NA,NA,NA
"21","EU527937","Macquarie perch","188524005","17",NA,NA,NA,NA
"22","EU527938","Macquarie perch","188524006","18",NA,NA,NA,NA
"23","EU527939","Macquarie perch","188524007","19",NA,NA,NA,NA
"24","EU527940","Macquarie perch","188524008","20",NA,NA,NA,NA
"25","EU527941","Macquarie perch","188524009","21",NA,NA,NA,NA
"26","EU527942","Macquarie perch","188524010","22",NA,NA,NA,NA
"27","EU527943","Macquarie perch","188524011","23",NA,NA,NA,NA
"28","EU527944","Macquarie perch","188524012","24",NA,NA,NA,NA
"29","EU527945","Macquarie perch","188524013","25",NA,NA,NA,NA
"30","EU527946","Macquarie perch","188524014","26",NA,NA,NA,NA
"31","EU527947","Macquarie perch","188524015","27",NA,NA,NA,NA
"32","EU527948","Macquarie perch","188524016","28",NA,NA,NA,NA
"33","EU527949","Macquarie perch","188524017","29",NA,NA,NA,NA
"34","EU527950","Macquarie perch","188524018","30",NA,NA,NA,NA
"35","EU527951","Macquarie perch","188524019","31",NA,NA,NA,NA
"36","EU527952","Macquarie perch","188524020","32",NA,NA,NA,NA
"37","EU527953","Macquarie perch","188524021","33",NA,NA,NA,NA
"38","EU527954","Macquarie perch","188524022","34",NA,NA,NA,NA
"39","EU527955","Macquarie perch","188524023","35",NA,NA,NA,NA
"40","EU527956","Macquarie perch","188524024","36",NA,NA,NA,NA
"41","EU527957","Macquarie perch","188524025","37",NA,NA,NA,NA
"42","EU527958","Macquarie perch","188524026","38",NA,NA,NA,NA
"43","EU527959","Macquarie perch","188524027","39",NA,NA,NA,NA
"44","EU527960","Macquarie perch","188524028","40",NA,NA,NA,NA
"45","EU527961","Macquarie perch","188524029","41",NA,NA,NA,NA
"46","EU527962","Macquarie perch","188524030","42",NA,NA,NA,NA
"47","EU527963","Macquarie perch","188524031","43",NA,NA,NA,NA
"48","EU527964","Macquarie perch","188524032","44",NA,NA,NA,NA
"49","EU527965","Macquarie perch","188524033","45",NA,NA,NA,NA
"50","EU527966","Macquarie perch","188524034","46",NA,NA,NA,NA
"51","FJ710956","Macquarie perch","224486628","Australia: Hatchery bred, Narrandera NSW",NA,NA,NA,NA
"52","HG799088","Macquarie perch","594009716","MP_C1|male|Australia:Mitta Mitta River Inflow, Dartmouth Lake|27-Oct-2008|Zeb Tonkin",NA,NA,NA,NA
"53","HQ615443","Macquarie perch","312452305","Australia: Cotter River ACT|21-May-2009",NA,NA,NA,NA
"54","HQ615444","Macquarie perch","312452306","NSW Department of Primary Industries 2330|Australia: Little River, Nattai NSW|24-Jun-2009",NA,NA,NA,NA
"55","HQ615445","Macquarie perch","312452307","Australia: Cordeaux Dam NSW|13-Nov-2007",NA,NA,NA,NA
"56","HQ615499","Macquarie perch","312452361","Australia: Cotter River ACT|21-May-2009",NA,NA,NA,NA
"57","HQ615500","Macquarie perch","312452362","NSW Department of Primary Industries 2330|Australia: Little River, Nattai NSW|24-Jun-2009",NA,NA,NA,NA
"58","HQ615501","Macquarie perch","312452363","NSW Department of Primary Industries 2331|Australia: Little River, Nattai NSW|26-Jun-2009",NA,NA,NA,NA
"59","HQ615502","Macquarie perch","312452364","Australia: Cordeaux Dam NSW|13-Nov-2007",NA,NA,NA,NA
"60","KJ669513","Macquarie perch","670609094","CES-242|Australia: Little River, NSW","Macquaria australasica","GBGCA12190-15",NA,NA
"61","KJ669514","Macquarie perch","670609096","CES-273|Australia: Cordeaux Dam, NSW","Macquaria australasica","GBGCA12191-15",NA,NA
"62","KJ669515","Macquarie perch","670609098","CES-712|Australia: Kangaroo River, NSW","Macquaria australasica","GBGCA12192-15",NA,NA
"63","KJ669516","Macquarie perch","670609100","CES-208|Australia: Cotter River, ACT","Macquaria australasica","GBGCA12193-15",NA,NA
"64","KJ774846","Macquarie perch","670608654","CES-712|Australia: Kangaroo River, NSW",NA,NA,NA,NA
"65","KR152233","Macquarie perch","929045238","MP_WOC10|Australia: Wongawilli Creek, Wongawilli|2006|Dean Gilligan",NA,NA,NA,NA
"66","KR152234","Macquarie perch","929045252","MP_KD11|Australia: Kedumba River, Kedumba Crossing|2007|Dean Gilligan",NA,NA,NA,NA
"67","KR152235","Macquarie perch","929045266","MP_KR1|Australia: Kangaroo River|Dean Gilligan",NA,NA,NA,NA
"68","KR152236","Macquarie perch","929045280","MP_CP1|Australia: Capertree River, Glen Davis|2006|Dean Gilligan",NA,NA,NA,NA
"69","KR152237","Macquarie perch","929045294","MP_G10|Australia: Yarra River, Warrandyte Township (at bridge on Kangaroo Ground-Warrandyte Rd) (Site 40)|2008|Scott Raymond",NA,NA,NA,NA
"70","KR152238","Macquarie perch","929045308","MP_KN2|Australia: Kanangra Creek, Below Whalania Creek|2007|Dean Gilligan",NA,NA,NA,NA
"71","KR152239","Macquarie perch","929045322","MP_D2|Australia: King Parrot Creek, Richards Bridge",NA,NA,NA,NA
"72","KR152240","Macquarie perch","929045336","MP_GB23|Australia: Glenbrook Creek, Above National Park Causeway|2011|Dean Gilligan",NA,NA,NA,NA
"73","KR152241","Macquarie perch","929045350","MP_TU14|Australia: Abercrombie River, Tuena|Dean Gilligan",NA,NA,NA,NA
"74","KR152242","Macquarie perch","929045364","MP_CL1|Australia: Colo River, Below Wollemi Creek|2007|Dean Gilligan",NA,NA,NA,NA
"75","KR152243","Macquarie perch","929045378","MP_E6|Australia: Hughes Creek, Gorge|2009|Joanne Kearns, Andrew Pickworth",NA,NA,NA,NA
"76","KR152244","Macquarie perch","929045392","MP_F36|Australia: Sevens Creek, Galls Gap Road Bridge to Gooram Falls|2011|Justin O'Mahony and Joanne Kearns",NA,NA,NA,NA
"77","KR152245","Macquarie perch","929045406","MP_PP1|Australia: Wentworth Creek, Panther Park|2007|Dean Gilligan",NA,NA,NA,NA
"78","KR152246","Macquarie perch","929045420","MP_WC14|Australia: Wheeny Creek, Blue Gum Track|2005|Dean Gilligan",NA,NA,NA,NA
"79","KR152247","Macquarie perch","929045434","MP_WL10|Australia: Wollemi Creek, Wollemi Creek|2007|Dean Gilligan",NA,NA,NA,NA
"80","KR152248","Macquarie perch","929045448","MP_M26|Australia: Murrumbidgee River, Kissops Flat|Mark Lintermans",NA,NA,NA,NA
"81","KR152249","Macquarie perch","929045462","MP_CX2|Australia: Coxs River, Kelpie Point|2005|Dean Gilligan",NA,NA,NA,NA
"82","KR152250","Macquarie perch","929045476","MP_KW23|Australia: Kowmung River, Cedar Ford|2005|Dean Gilligan",NA,NA,NA,NA
"83","KR152251","Macquarie perch","929045490","MP_WO1|Australia: Wollangambe river, Above Bowens Creek|2007|Dean Gilligan",NA,NA,NA,NA
"84","KR152252","Macquarie perch","929045504","MP_CR47|Australia: Cataract River, Jordans Pass|2013|Dean Gilligan",NA,NA,NA,NA
"85","KR152253","Macquarie perch","929045518","MP_LT9|Australia: Little River, W41 Causeway|2005|Dean Gilligan",NA,NA,NA,NA
"86","KR152254","Macquarie perch","929045532","MP_L31|Australia: Cotter River, Cotter Dam|2011|Mark Lintermans",NA,NA,NA,NA
"87","KR152255","Macquarie perch","929045546","MP_B1|Australia: Hollands Creek, Hollands Creek upstream from Tatong bridge|2007|Alasdair McDonald, Joanne Kearns",NA,NA,NA,NA
"88","KR152256","Macquarie perch","929045560","MP_CR43|Australia: Cataract River, Jordans Pass|2013|Dean Gilligan",NA,NA,NA,NA
"89","KT626048","Macquarie perch","984698090","MP_AB12|Australia: Abercrombie River|34.02729 S 149.46088 E|10-May-2006|Dean Hartwell",NA,NA,NA,NA
"90","KT626049","Macquarie perch","984698091","MP_AB15|Australia: Abercrombie River|34.02729 S 149.46088 E|10-May-2006|Dean Hartwell",NA,NA,NA,NA
"91","KT626050","Macquarie perch","984698092","MP_AB17|Australia: Abercrombie River|33.9813 S 149.3843 E|20-Apr-2006|Dean Hartwell",NA,NA,NA,NA
"92","KT626051","Macquarie perch","984698093","MP_AB40|Australia: Abercrombie River|34.0878 S 149.55104 E|28-Mar-2008|Marty Asmus",NA,NA,NA,NA
"93","KT626052","Macquarie perch","984698094","MP_AB41|Australia: Abercrombie River|34.0878 S 149.55104 E|09-May-2008|Marty Asmus",NA,NA,NA,NA
"94","KT626053","Macquarie perch","984698095","MP_AC1|Australia: Adjungbilly Creek|35.021221 S 148.280492 E|09-May-2014|Tim McGarry, Dean Gilligan",NA,NA,NA,NA
"95","KT626054","Macquarie perch","984698096","MP_AC10|Australia: Adjungbilly Creek|35.05502 S 148.31598 E|09-May-2014|Tim McGarry, Dean Gilligan",NA,NA,NA,NA
"96","KT626055","Macquarie perch","984698097","MP_AC11|Australia: Adjungbilly Creek|35.05502 S 148.31598 E|09-May-2014|Tim McGarry, Dean Gilligan",NA,NA,NA,NA
"97","KT626056","Macquarie perch","984698098","MP_AC12|Australia: Adjungbilly Creek|35.05502 S 148.31598 E|09-May-2014|Tim McGarry, Dean Gilligan",NA,NA,NA,NA
"98","KT626057","Macquarie perch","984698099","MP_AC13|Australia: Adjungbilly Creek|35.05502 S 148.31598 E|09-May-2014|Tim McGarry, Dean Gilligan",NA,NA,NA,NA
"99","KT626058","Macquarie perch","984698100","MP_AC14|Australia: Adjungbilly Creek|35.03896 S 148.30501 E|09-May-2014|Tim McGarry, Dean Gilligan",NA,NA,NA,NA
"100","KT626059","Macquarie perch","984698101","MP_AC15|Australia: Adjungbilly Creek|35.03896 S 148.30501 E|09-May-2014|Tim McGarry, Dean Gilligan",NA,NA,NA,NA
"101","KT626060","Macquarie perch","984698102","MP_AC16|Australia: Adjungbilly Creek|35.03896 S 148.30501 E|09-May-2014|Tim McGarry, Dean Gilligan",NA,NA,NA,NA
"102","KT626061","Macquarie perch","984698103","MP_AC17|Australia: Adjungbilly Creek|35.03896 S 148.30501 E|09-May-2014|Tim McGarry, Dean Gilligan",NA,NA,NA,NA
"103","KT626062","Macquarie perch","984698104","MP_AC18|Australia: Adjungbilly Creek|35.08059 S 148.32725 E|09-May-2014|Tim McGarry, Dean Gilligan",NA,NA,NA,NA
"104","KT626063","Macquarie perch","984698105","MP_AC19|Australia: Adjungbilly Creek|35.08059 S 148.32725 E|09-May-2014|Tim McGarry, Dean Gilligan",NA,NA,NA,NA
"105","KT626064","Macquarie perch","984698106","MP_AC2|Australia: Adjungbilly Creek|35.021221 S 148.280492 E|09-May-2014|Tim McGarry, Dean Gilligan",NA,NA,NA,NA
"106","KT626065","Macquarie perch","984698107","MP_AC20|Australia: Adjungbilly Creek|35.08059 S 148.32725 E|09-May-2014|Tim McGarry, Dean Gilligan",NA,NA,NA,NA
"107","KT626066","Macquarie perch","984698108","MP_AC21|Australia: Adjungbilly Creek|35.08059 S 148.32725 E|09-May-2014|Tim McGarry, Dean Gilligan",NA,NA,NA,NA
"108","KT626067","Macquarie perch","984698109","MP_AC22|Australia: Adjungbilly Creek|35.08059 S 148.32725 E|09-May-2014|Tim McGarry, Dean Gilligan",NA,NA,NA,NA
"109","KT626068","Macquarie perch","984698110","MP_AC23|Australia: Adjungbilly Creek|35.08059 S 148.32725 E|09-May-2014|Tim McGarry, Dean Gilligan",NA,NA,NA,NA
"110","KT626069","Macquarie perch","984698111","MP_AC3|Australia: Adjungbilly Creek|35.021221 S 148.280492 E|09-May-2014|Tim McGarry, Dean Gilligan",NA,NA,NA,NA
"111","KT626070","Macquarie perch","984698112","MP_AC4|Australia: Adjungbilly Creek|35.021221 S 148.280492 E|09-May-2014|Tim McGarry, Dean Gilligan",NA,NA,NA,NA
"112","KT626071","Macquarie perch","984698113","MP_AC5|Australia: Adjungbilly Creek|35.021221 S 148.280492 E|09-May-2014|Tim McGarry, Dean Gilligan",NA,NA,NA,NA
"113","KT626072","Macquarie perch","984698114","MP_AC6|Australia: Adjungbilly Creek|35.021221 S 148.280492 E|09-May-2014|Tim McGarry, Dean Gilligan",NA,NA,NA,NA
"114","KT626073","Macquarie perch","984698115","MP_AC7|Australia: Adjungbilly Creek|35.05502 S 148.31598 E|09-May-2014|Tim McGarry, Dean Gilligan",NA,NA,NA,NA
"115","KT626074","Macquarie perch","984698116","MP_AC8|Australia: Adjungbilly Creek|35.05502 S 148.31598 E|09-May-2014|Tim McGarry, Dean Gilligan",NA,NA,NA,NA
"116","KT626075","Macquarie perch","984698117","MP_AC9|Australia: Adjungbilly Creek|35.05502 S 148.31598 E|09-May-2014|Tim McGarry, Dean Gilligan",NA,NA,NA,NA
"117","KT626076","Macquarie perch","984698118","MP_B2|Australia: Hollands Creek|36.735342 S 146.100558 E|27-Nov-2007|Alasdair McDonald, Joanne Kearns",NA,NA,NA,NA
"118","KT626077","Macquarie perch","984698119","MP_B23|Australia: Hollands Creek|36.738884 S 146.105461 E|09-Jan-2012|Scott Raymond, Joanne Kearns",NA,NA,NA,NA
"119","KT626078","Macquarie perch","984698120","MP_B24|Australia: Hollands Creek|36.738884 S 146.105461 E|09-Jan-2012|Scott Raymond, Joanne Kearns",NA,NA,NA,NA
"120","KT626079","Macquarie perch","984698121","MP_B25|Australia: Hollands Creek|36.738884 S 146.105461 E|09-Jan-2012|Scott Raymond, Joanne Kearns",NA,NA,NA,NA
"121","KT626080","Macquarie perch","984698122","MP_B26|Australia: Hollands Creek|36.738884 S 146.105461 E|09-Jan-2012|Scott Raymond, Joanne Kearns",NA,NA,NA,NA
"122","KT626081","Macquarie perch","984698123","MP_B27|Australia: Hollands Creek|36.738884 S 146.105461 E|09-Jan-2012|Scott Raymond, Joanne Kearns",NA,NA,NA,NA
"123","KT626082","Macquarie perch","984698124","MP_B28|Australia: Hollands Creek|36.738884 S 146.105461 E|09-Jan-2012|Scott Raymond, Joanne Kearns",NA,NA,NA,NA
"124","KT626083","Macquarie perch","984698125","MP_B29|Australia: Hollands Creek|36.738884 S 146.105461 E|09-Jan-2012|Scott Raymond, Joanne Kearns",NA,NA,NA,NA
"125","KT626084","Macquarie perch","984698126","MP_B3|Australia: Hollands Creek|36.735342 S 146.100558 E|27-Nov-2007|Alasdair McDonald, Joanne Kearns",NA,NA,NA,NA
"126","KT626085","Macquarie perch","984698127","MP_B4|Australia: Hollands Creek|36.735342 S 146.100558 E|27-Nov-2007|Alasdair McDonald, Joanne Kearns",NA,NA,NA,NA
"127","KT626086","Macquarie perch","984698128","MP_B5|Australia: Hollands Creek|36.735342 S 146.100558 E|27-Nov-2007|Alasdair McDonald, Joanne Kearns",NA,NA,NA,NA
"128","KT626087","Macquarie perch","984698129","MP_B6|Australia: Hollands Creek|36.735342 S 146.100558 E|27-Nov-2007|Alasdair McDonald, Joanne Kearns",NA,NA,NA,NA
"129","KT626088","Macquarie perch","984698130","MP_B7|Australia: Hollands Creek|36.735342 S 146.100558 E|27-Nov-2007|Alasdair McDonald, Joanne Kearns",NA,NA,NA,NA
"130","KT626089","Macquarie perch","984698131","MP_B8|Australia: Hollands Creek|36.735342 S 146.100558 E|27-Nov-2007|Alasdair McDonald, Joanne Kearns",NA,NA,NA,NA
"131","KT626090","Macquarie perch","984698132","MP_C103|Australia: Dartmouth Reservoir|36.60415 S 147.54091 E|18-Feb-2011|Zeb Tonkin",NA,NA,NA,NA
"132","KT626091","Macquarie perch","984698133","MP_C110|Australia: Dartmouth Reservoir|36.60415 S 147.54091 E|18-Feb-2011|Zeb Tonkin",NA,NA,NA,NA
"133","KT626092","Macquarie perch","984698134","MP_C117|Australia: Dartmouth Reservoir|36.777541 S 147.663165 E|27-Mar-2012|Zeb Tonkin",NA,NA,NA,NA
"134","KT626093","Macquarie perch","984698135","MP_C118|Australia: Dartmouth Reservoir|36.777541 S 147.663165 E|27-Mar-2012|Zeb Tonkin",NA,NA,NA,NA
"135","KT626094","Macquarie perch","984698136","MP_C13|Australia: Dartmouth Reservoir|36.7239 S 147.6588 E|28-Oct-2008|Zeb Tonkin",NA,NA,NA,NA
"136","KT626095","Macquarie perch","984698137","MP_C131|Australia: Dartmouth Reservoir|36.55987 S 147.65947 E|29-Mar-2012|Zeb Tonkin",NA,NA,NA,NA
"137","KT626096","Macquarie perch","984698138","MP_C161|Australia: Dartmouth Reservoir|36.777541 S 147.663165 E|25-Feb-2013|Zeb Tonkin",NA,NA,NA,NA
"138","KT626097","Macquarie perch","984698139","MP_C163|Australia: Dartmouth Reservoir|36.777541 S 147.663165 E|25-Feb-2013|Zeb Tonkin",NA,NA,NA,NA
"139","KT626098","Macquarie perch","984698140","MP_C164|Australia: Dartmouth Reservoir|36.777541 S 147.663165 E|25-Feb-2013|Zeb Tonkin",NA,NA,NA,NA
"140","KT626099","Macquarie perch","984698141","MP_C177|Australia: Dartmouth Reservoir|36.55987 S 147.65947 E|27-Feb-2013|Zeb Tonkin",NA,NA,NA,NA
"141","KT626100","Macquarie perch","984698142","MP_C178|Australia: Dartmouth Reservoir|36.55987 S 147.65947 E|27-Feb-2013|Zeb Tonkin",NA,NA,NA,NA
"142","KT626101","Macquarie perch","984698143","MP_C180|Australia: Dartmouth Reservoir|36.55987 S 147.65947 E|27-Feb-2013|Zeb Tonkin",NA,NA,NA,NA
"143","KT626102","Macquarie perch","984698144","MP_C181|Australia: Dartmouth Reservoir|36.55987 S 147.65947 E|26-Feb-2013|Zeb Tonkin",NA,NA,NA,NA
"144","KT626103","Macquarie perch","984698145","MP_C183|Australia: Dartmouth Reservoir|36.60415 S 147.54091 E|28-Feb-2013|Zeb Tonkin",NA,NA,NA,NA
"145","KT626104","Macquarie perch","984698146","MP_C185|Australia: Dartmouth Reservoir|36.60415 S 147.54091 E|28-Feb-2013|Zeb Tonkin",NA,NA,NA,NA
"146","KT626105","Macquarie perch","984698147","MP_C187|Australia: Dartmouth Reservoir|36.60415 S 147.54091 E|28-Feb-2013|Zeb Tonkin",NA,NA,NA,NA
"147","KT626106","Macquarie perch","984698148","MP_C2|Australia: Dartmouth Reservoir|36.7239 S 147.6588 E|27-Oct-2008|Zeb Tonkin",NA,NA,NA,NA
"148","KT626107","Macquarie perch","984698149","MP_C21|Australia: Dartmouth Reservoir|36.725817 S 147.6579 E|28-Oct-2008|Zeb Tonkin",NA,NA,NA,NA
"149","KT626108","Macquarie perch","984698150","MP_C25|Australia: Dartmouth Reservoir|36.725817 S 147.6579 E|28-Oct-2008|Zeb Tonkin",NA,NA,NA,NA
"150","KT626109","Macquarie perch","984698151","MP_C29|Australia: Dartmouth Reservoir|36.7239 S 147.6588 E|28-Oct-2008|Zeb Tonkin",NA,NA,NA,NA
"151","KT626110","Macquarie perch","984698152","MP_C3|Australia: Dartmouth Reservoir|36.7239 S 147.6588 E|28-Oct-2008|Zeb Tonkin",NA,NA,NA,NA
"152","KT626111","Macquarie perch","984698153","MP_C35|Australia: Dartmouth Reservoir|36.7239 S 147.6588 E|29-Oct-2008|Zeb Tonkin",NA,NA,NA,NA
"153","KT626112","Macquarie perch","984698154","MP_C37|Australia: Dartmouth Reservoir|36.7239 S 147.6588 E|29-Oct-2008|Zeb Tonkin",NA,NA,NA,NA
"154","KT626113","Macquarie perch","984698155","MP_C4|Australia: Dartmouth Reservoir|36.7239 S 147.6588 E|28-Oct-2008|Zeb Tonkin",NA,NA,NA,NA
"155","KT626114","Macquarie perch","984698156","MP_C5|Australia: Dartmouth Reservoir|36.7239 S 147.6588 E|28-Oct-2008|Zeb Tonkin",NA,NA,NA,NA
"156","KT626115","Macquarie perch","984698157","MP_C54|Australia: Dartmouth Reservoir|36.7239 S 147.6588 E|29-Oct-2008|Zeb Tonkin",NA,NA,NA,NA
"157","KT626116","Macquarie perch","984698158","MP_C7|Australia: Dartmouth Reservoir|36.7239 S 147.6588 E|28-Oct-2008|Zeb Tonkin",NA,NA,NA,NA
"158","KT626117","Macquarie perch","984698159","MP_CBR01|Australia: Dartmouth Reservoir|36.7148 S 147.6574 E|08-Nov-2012|Brett Ingram",NA,NA,NA,NA
"159","KT626118","Macquarie perch","984698160","MP_CBR02|Australia: Dartmouth Reservoir|36.7148 S 147.6574 E|08-Nov-2012|Brett Ingram",NA,NA,NA,NA
"160","KT626119","Macquarie perch","984698161","MP_CBR03|Australia: Dartmouth Reservoir|36.7148 S 147.6574 E|08-Nov-2012|Brett Ingram",NA,NA,NA,NA
"161","KT626120","Macquarie perch","984698162","MP_CBR04|Australia: Dartmouth Reservoir|36.7148 S 147.6574 E|08-Nov-2012|Brett Ingram",NA,NA,NA,NA
"162","KT626121","Macquarie perch","984698163","MP_CBR06|Australia: Dartmouth Reservoir|36.7148 S 147.6574 E|08-Nov-2012|Brett Ingram",NA,NA,NA,NA
"163","KT626122","Macquarie perch","984698164","MP_CBR07|Australia: Dartmouth Reservoir|36.7148 S 147.6574 E|08-Nov-2012|Brett Ingram",NA,NA,NA,NA
"164","KT626123","Macquarie perch","984698165","MP_CBR08|Australia: Dartmouth Reservoir|36.7148 S 147.6574 E|08-Nov-2012|Brett Ingram",NA,NA,NA,NA
"165","KT626124","Macquarie perch","984698166","MP_CBR09|Australia: Dartmouth Reservoir|36.7148 S 147.6574 E|08-Nov-2012|Brett Ingram",NA,NA,NA,NA
"166","KT626125","Macquarie perch","984698167","MP_CBR10|Australia: Dartmouth Reservoir|36.7148 S 147.6574 E|08-Nov-2012|Brett Ingram",NA,NA,NA,NA
"167","KT626126","Macquarie perch","984698168","MP_CBR11|Australia: Dartmouth Reservoir|36.7148 S 147.6574 E|08-Nov-2012|Brett Ingram",NA,NA,NA,NA
"168","KT626127","Macquarie perch","984698169","MP_CBR12|Australia: Dartmouth Reservoir|36.7148 S 147.6574 E|08-Nov-2012|Brett Ingram",NA,NA,NA,NA
"169","KT626128","Macquarie perch","984698170","MP_CBR13|Australia: Dartmouth Reservoir|36.7148 S 147.6574 E|08-Nov-2012|Brett Ingram",NA,NA,NA,NA
"170","KT626129","Macquarie perch","984698171","MP_CBR14|Australia: Dartmouth Reservoir|36.7148 S 147.6574 E|08-Nov-2012|Brett Ingram",NA,NA,NA,NA
"171","KT626130","Macquarie perch","984698172","MP_CBR15|Australia: Dartmouth Reservoir|36.7148 S 147.6574 E|08-Nov-2012|Brett Ingram",NA,NA,NA,NA
"172","KT626131","Macquarie perch","984698173","MP_CBR16|Australia: Dartmouth Reservoir|36.7148 S 147.6574 E|08-Nov-2012|Brett Ingram",NA,NA,NA,NA
"173","KT626132","Macquarie perch","984698174","MP_CBR17|Australia: Dartmouth Reservoir|36.7148 S 147.6574 E|08-Nov-2012|Brett Ingram",NA,NA,NA,NA
"174","KT626133","Macquarie perch","984698175","MP_CBR18|Australia: Dartmouth Reservoir|36.7148 S 147.6574 E|08-Nov-2012|Brett Ingram",NA,NA,NA,NA
"175","KT626134","Macquarie perch","984698176","MP_CBR19|Australia: Dartmouth Reservoir|36.7148 S 147.6574 E|08-Nov-2012|Brett Ingram",NA,NA,NA,NA
"176","KT626135","Macquarie perch","984698177","MP_CBR20|Australia: Dartmouth Reservoir|36.7148 S 147.6574 E|08-Nov-2012|Brett Ingram",NA,NA,NA,NA
"177","KT626136","Macquarie perch","984698178","MP_CBR21|Australia: Dartmouth Reservoir|36.7148 S 147.6574 E|08-Nov-2012|Brett Ingram",NA,NA,NA,NA
"178","KT626137","Macquarie perch","984698179","MP_CBR22|Australia: Dartmouth Reservoir|36.7148 S 147.6574 E|08-Nov-2012|Brett Ingram",NA,NA,NA,NA
"179","KT626138","Macquarie perch","984698180","MP_CBR23|Australia: Dartmouth Reservoir|36.7148 S 147.6574 E|08-Nov-2012|Brett Ingram",NA,NA,NA,NA
"180","KT626139","Macquarie perch","984698181","MP_CBR24|Australia: Dartmouth Reservoir|36.7148 S 147.6574 E|08-Nov-2012|Brett Ingram",NA,NA,NA,NA
"181","KT626140","Macquarie perch","984698182","MP_CBR25|Australia: Dartmouth Reservoir|36.7148 S 147.6574 E|08-Nov-2012|Brett Ingram",NA,NA,NA,NA
"182","KT626141","Macquarie perch","984698183","MP_CDM01|Australia: Cataract Dam|34.266 S 150.81 E|12-May-2009|Mark Lintermans",NA,NA,NA,NA
"183","KT626142","Macquarie perch","984698184","MP_CDM02|Australia: Cataract Dam|34.266 S 150.81 E|12-May-2009|Mark Lintermans",NA,NA,NA,NA
"184","KT626143","Macquarie perch","984698185","MP_CDM03|Australia: Cataract Dam|34.266 S 150.81 E|12-May-2009|Mark Lintermans",NA,NA,NA,NA
"185","KT626144","Macquarie perch","984698186","MP_CDM04|Australia: Cataract Dam|34.266 S 150.81 E|12-May-2009|Mark Lintermans",NA,NA,NA,NA
"186","KT626145","Macquarie perch","984698187","MP_CDM05|Australia: Cataract Dam|34.266 S 150.81 E|12-May-2009|Mark Lintermans",NA,NA,NA,NA
"187","KT626146","Macquarie perch","984698188","MP_CDM06|Australia: Cataract Dam|34.266 S 150.81 E|12-May-2009|Mark Lintermans",NA,NA,NA,NA
"188","KT626147","Macquarie perch","984698189","MP_CDM07|Australia: Cataract Dam|34.266 S 150.81 E|12-May-2009|Mark Lintermans",NA,NA,NA,NA
"189","KT626148","Macquarie perch","984698190","MP_CDM08|Australia: Cataract Dam|34.266 S 150.81 E|12-May-2009|Mark Lintermans",NA,NA,NA,NA
"190","KT626149","Macquarie perch","984698191","MP_CDM09|Australia: Cataract Dam|34.266 S 150.81 E|12-May-2009|Mark Lintermans",NA,NA,NA,NA
"191","KT626150","Macquarie perch","984698192","MP_CDM10|Australia: Cataract Dam|34.266 S 150.81 E|12-May-2009|Mark Lintermans",NA,NA,NA,NA
"192","KT626151","Macquarie perch","984698193","MP_CDM11|Australia: Cataract Dam|34.266 S 150.81 E|12-May-2009|Mark Lintermans",NA,NA,NA,NA
"193","KT626152","Macquarie perch","984698194","MP_CDM12|Australia: Cataract Dam|34.266 S 150.81 E|12-May-2009|Mark Lintermans",NA,NA,NA,NA
"194","KT626153","Macquarie perch","984698195","MP_CDM13|Australia: Cataract Dam|34.266 S 150.81 E|12-May-2009|Mark Lintermans",NA,NA,NA,NA
"195","KT626154","Macquarie perch","984698196","MP_CDM14|Australia: Cataract Dam|34.266 S 150.81 E|12-May-2009|Mark Lintermans",NA,NA,NA,NA
"196","KT626155","Macquarie perch","984698197","MP_CDM15|Australia: Cataract Dam|34.266 S 150.81 E|12-May-2009|Mark Lintermans",NA,NA,NA,NA
"197","KT626156","Macquarie perch","984698198","MP_CR21|Australia: Cataract River|34.2269253 S 150.755961 E|11-Sep-2013|Dean Gilligan",NA,NA,NA,NA
"198","KT626157","Macquarie perch","984698199","MP_CR22|Australia: Cataract River|34.2269253 S 150.755961 E|11-Sep-2013|Dean Gilligan",NA,NA,NA,NA
"199","KT626158","Macquarie perch","984698200","MP_CR23|Australia: Cataract River|34.2269253 S 150.755961 E|11-Sep-2013|Dean Gilligan",NA,NA,NA,NA
"200","KT626159","Macquarie perch","984698201","MP_CR24|Australia: Cataract River|34.2269253 S 150.755961 E|11-Sep-2013|Dean Gilligan",NA,NA,NA,NA
"201","KT626160","Macquarie perch","984698202","MP_CR25|Australia: Cataract River|34.2269253 S 150.755961 E|11-Sep-2013|Dean Gilligan",NA,NA,NA,NA
"202","KT626161","Macquarie perch","984698203","MP_CR26|Australia: Cataract River|34.2269253 S 150.755961 E|11-Sep-2013|Dean Gilligan",NA,NA,NA,NA
"203","KT626162","Macquarie perch","984698204","MP_CR27|Australia: Cataract River|34.2269253 S 150.755961 E|11-Sep-2013|Dean Gilligan",NA,NA,NA,NA
"204","KT626163","Macquarie perch","984698205","MP_CR28|Australia: Cataract River|34.2269253 S 150.755961 E|11-Sep-2013|Dean Gilligan",NA,NA,NA,NA
"205","KT626164","Macquarie perch","984698206","MP_CR29|Australia: Cataract River|34.2269253 S 150.755961 E|12-Sep-2013|Dean Gilligan",NA,NA,NA,NA
"206","KT626165","Macquarie perch","984698207","MP_CR30|Australia: Cataract River|34.2269253 S 150.755961 E|12-Sep-2013|Dean Gilligan",NA,NA,NA,NA
"207","KT626166","Macquarie perch","984698208","MP_CR31|Australia: Cataract River|34.2269253 S 150.755961 E|12-Sep-2013|Dean Gilligan",NA,NA,NA,NA
"208","KT626167","Macquarie perch","984698209","MP_CR32|Australia: Cataract River|34.2269253 S 150.755961 E|12-Sep-2013|Dean Gilligan",NA,NA,NA,NA
"209","KT626168","Macquarie perch","984698210","MP_CR33|Australia: Cataract River|34.2269253 S 150.755961 E|12-Sep-2013|Dean Gilligan",NA,NA,NA,NA
"210","KT626169","Macquarie perch","984698211","MP_CR34|Australia: Cataract River|34.2269253 S 150.755961 E|12-Sep-2013|Dean Gilligan",NA,NA,NA,NA
"211","KT626170","Macquarie perch","984698212","MP_CR35|Australia: Cataract River|34.2269253 S 150.755961 E|12-Sep-2013|Dean Gilligan",NA,NA,NA,NA
"212","KT626171","Macquarie perch","984698213","MP_CR36|Australia: Cataract River|34.2269253 S 150.755961 E|12-Sep-2013|Dean Gilligan",NA,NA,NA,NA
"213","KT626172","Macquarie perch","984698214","MP_CR37|Australia: Cataract River|34.2269253 S 150.755961 E|12-Sep-2013|Dean Gilligan",NA,NA,NA,NA
"214","KT626173","Macquarie perch","984698215","MP_CR38|Australia: Cataract River|34.2269253 S 150.755961 E|12-Sep-2013|Dean Gilligan",NA,NA,NA,NA
"215","KT626174","Macquarie perch","984698216","MP_CR39|Australia: Cataract River|34.2269253 S 150.755961 E|12-Sep-2013|Dean Gilligan",NA,NA,NA,NA
"216","KT626175","Macquarie perch","984698217","MP_CR40|Australia: Cataract River|34.2269253 S 150.755961 E|12-Sep-2013|Dean Gilligan",NA,NA,NA,NA
"217","KT626176","Macquarie perch","984698218","MP_CR41|Australia: Cataract River|34.2269253 S 150.755961 E|12-Sep-2013|Dean Gilligan",NA,NA,NA,NA
"218","KT626177","Macquarie perch","984698219","MP_CR42|Australia: Cataract River|34.2269253 S 150.755961 E|12-Sep-2013|Dean Gilligan",NA,NA,NA,NA
"219","KT626178","Macquarie perch","984698220","MP_CR44|Australia: Cataract River|34.2269253 S 150.755961 E|12-Sep-2013|Dean Gilligan",NA,NA,NA,NA
"220","KT626179","Macquarie perch","984698221","MP_CR45|Australia: Cataract River|34.2269253 S 150.755961 E|12-Sep-2013|Dean Gilligan",NA,NA,NA,NA
"221","KT626180","Macquarie perch","984698222","MP_CR46|Australia: Cataract River|34.2269253 S 150.755961 E|12-Sep-2013|Dean Gilligan",NA,NA,NA,NA
"222","KT626181","Macquarie perch","984698223","MP_CR48|Australia: Cataract River|34.2269253 S 150.755961 E|12-Sep-2013|Dean Gilligan",NA,NA,NA,NA
"223","KT626182","Macquarie perch","984698224","MP_CR49|Australia: Cataract River|34.2269253 S 150.755961 E|12-Sep-2013|Dean Gilligan",NA,NA,NA,NA
"224","KT626183","Macquarie perch","984698225","MP_CR50|Australia: Cataract River|34.2269253 S 150.755961 E|12-Sep-2013|Dean Gilligan",NA,NA,NA,NA
"225","KT626184","Macquarie perch","984698226","MP_CR51|Australia: Cataract River|34.2269253 S 150.755961 E|12-Sep-2013|Dean Gilligan",NA,NA,NA,NA
"226","KT626185","Macquarie perch","984698227","MP_CR52|Australia: Cataract River|34.2269253 S 150.755961 E|12-Sep-2013|Dean Gilligan",NA,NA,NA,NA
"227","KT626186","Macquarie perch","984698228","MP_CR53|Australia: Cataract River|34.2269253 S 150.755961 E|12-Sep-2013|Dean Gilligan",NA,NA,NA,NA
"228","KT626187","Macquarie perch","984698229","MP_CR54|Australia: Cataract River|34.2269253 S 150.755961 E|12-Sep-2013|Dean Gilligan",NA,NA,NA,NA
"229","KT626188","Macquarie perch","984698230","MP_CR55|Australia: Cataract River|34.2269253 S 150.755961 E|12-Sep-2013|Dean Gilligan",NA,NA,NA,NA
"230","KT626189","Macquarie perch","984698231","MP_CR56|Australia: Cataract River|34.2269253 S 150.755961 E|12-Sep-2013|Dean Gilligan",NA,NA,NA,NA
"231","KT626190","Macquarie perch","984698232","MP_CR57|Australia: Cataract River|34.2269253 S 150.755961 E|12-Sep-2013|Dean Gilligan",NA,NA,NA,NA
"232","KT626191","Macquarie perch","984698233","MP_CR58|Australia: Cataract River|34.2269253 S 150.755961 E|12-Sep-2013|Dean Gilligan",NA,NA,NA,NA
"233","KT626192","Macquarie perch","984698234","MP_CR59|Australia: Cataract River|34.2269253 S 150.755961 E|12-Sep-2013|Dean Gilligan",NA,NA,NA,NA
"234","KT626193","Macquarie perch","984698235","MP_CR60|Australia: Cataract River|34.2269253 S 150.755961 E|12-Sep-2013|Dean Gilligan",NA,NA,NA,NA
"235","KT626194","Macquarie perch","984698236","MP_CR61|Australia: Cataract River|34.2269253 S 150.755961 E|12-Sep-2013|Dean Gilligan",NA,NA,NA,NA
"236","KT626195","Macquarie perch","984698237","MP_CR62|Australia: Cataract River|34.2269253 S 150.755961 E|12-Sep-2013|Dean Gilligan",NA,NA,NA,NA
"237","KT626196","Macquarie perch","984698238","MP_CR63|Australia: Cataract River|34.2269253 S 150.755961 E|12-Sep-2013|Dean Gilligan",NA,NA,NA,NA
"238","KT626197","Macquarie perch","984698239","MP_CR64|Australia: Cataract River|34.26272 S 150.80219 E|13-Sep-2013|Dean Gilligan",NA,NA,NA,NA
"239","KT626198","Macquarie perch","984698240","MP_CR65|Australia: Cataract River|34.26272 S 150.80219 E|13-Sep-2013|Dean Gilligan",NA,NA,NA,NA
"240","KT626199","Macquarie perch","984698241","MP_CR66|Australia: Cataract River|34.2279824 S 150.742608 E|13-Sep-2013|Dean Gilligan",NA,NA,NA,NA
"241","KT626200","Macquarie perch","984698242","MP_CR67|Australia: Cataract River|34.2279824 S 150.742608 E|13-Sep-2013|Dean Gilligan",NA,NA,NA,NA
"242","KT626201","Macquarie perch","984698243","MP_CR68|Australia: Cataract River|34.2279824 S 150.742608 E|13-Sep-2013|Dean Gilligan",NA,NA,NA,NA
"243","KT626202","Macquarie perch","984698244","MP_CR69|Australia: Cataract River|34.2279824 S 150.742608 E|13-Sep-2013|Dean Gilligan",NA,NA,NA,NA
"244","KT626203","Macquarie perch","984698245","MP_CR70|Australia: Cataract River|34.2279824 S 150.742608 E|13-Sep-2013|Dean Gilligan",NA,NA,NA,NA
"245","KT626204","Macquarie perch","984698246","MP_CR71|Australia: Cataract River|34.2279824 S 150.742608 E|13-Sep-2013|Dean Gilligan",NA,NA,NA,NA
"246","KT626205","Macquarie perch","984698247","MP_CR72|Australia: Cataract River|34.2279824 S 150.742608 E|13-Sep-2013|Dean Gilligan",NA,NA,NA,NA
"247","KT626206","Macquarie perch","984698248","MP_CR73|Australia: Cataract River|34.2279824 S 150.742608 E|13-Sep-2013|Dean Gilligan",NA,NA,NA,NA
"248","KT626207","Macquarie perch","984698249","MP_CR74|Australia: Cataract River|34.2279824 S 150.742608 E|13-Sep-2013|Dean Gilligan",NA,NA,NA,NA
"249","KT626208","Macquarie perch","984698250","MP_D10|Australia: King Parrot Creek|37.2419 S 145.2348 E|27-Feb-2009|Joanne Kearns, Daniel Stoessel, Renae Ayres",NA,NA,NA,NA
"250","KT626209","Macquarie perch","984698251","MP_D11|Australia: King Parrot Creek|37.2419 S 145.2348 E|27-Feb-2009|Joanne Kearns, Daniel Stoessel, Renae Ayres",NA,NA,NA,NA
"251","KT626210","Macquarie perch","984698252","MP_D12|Australia: King Parrot Creek|37.243814 S 145.241036 E|27-Feb-2009|Joanne Kearns, Daniel Stoessel, Renae Ayres",NA,NA,NA,NA
"252","KT626211","Macquarie perch","984698253","MP_D13|Australia: King Parrot Creek|37.243814 S 145.241036 E|27-Feb-2009|Joanne Kearns, Daniel Stoessel, Renae Ayres",NA,NA,NA,NA
"253","KT626212","Macquarie perch","984698254","MP_D14|Australia: King Parrot Creek|37.243814 S 145.241036 E|27-Feb-2009|Joanne Kearns, Daniel Stoessel, Renae Ayres",NA,NA,NA,NA
"254","KT626213","Macquarie perch","984698255","MP_D15|Australia: King Parrot Creek|37.243814 S 145.241036 E|27-Feb-2009|Joanne Kearns, Daniel Stoessel, Renae Ayres",NA,NA,NA,NA
"255","KT626214","Macquarie perch","984698256","MP_D16|Australia: King Parrot Creek|37.243814 S 145.241036 E|27-Feb-2009|Joanne Kearns, Daniel Stoessel, Renae Ayres",NA,NA,NA,NA
"256","KT626215","Macquarie perch","984698257","MP_D3|Australia: King Parrot Creek|37.246749 S 145.242528 E|25-Feb-2009|Joanne Kearns, Daniel Stoessel, Tony Cable",NA,NA,NA,NA
"257","KT626216","Macquarie perch","984698258","MP_D4|Australia: King Parrot Creek|37.246749 S 145.242528 E|25-Feb-2009|Joanne Kearns, Daniel Stoessel, Tony Cable",NA,NA,NA,NA
"258","KT626217","Macquarie perch","984698259","MP_D5|Australia: King Parrot Creek|37.246749 S 145.242528 E|25-Feb-2009|Joanne Kearns, Daniel Stoessel, Tony Cable",NA,NA,NA,NA
"259","KT626218","Macquarie perch","984698260","MP_D6|Australia: King Parrot Creek|37.246749 S 145.242528 E|25-Feb-2009|Joanne Kearns, Daniel Stoessel, Tony Cable",NA,NA,NA,NA
"260","KT626219","Macquarie perch","984698261","MP_D7|Australia: King Parrot Creek|37.246749 S 145.242528 E|26-Feb-2009|Joanne Kearns, Daniel Stoessel, Tony Cable",NA,NA,NA,NA
"261","KT626220","Macquarie perch","984698262","MP_D8|Australia: King Parrot Creek|37.246749 S 145.242528 E|26-Feb-2009|Joanne Kearns, Daniel Stoessel, Renae Ayres",NA,NA,NA,NA
"262","KT626221","Macquarie perch","984698263","MP_D9|Australia: King Parrot Creek|37.2419 S 145.2348 E|27-Feb-2009|Joanne Kearns, Daniel Stoessel, Renae Ayres",NA,NA,NA,NA
"263","KT626222","Macquarie perch","984698264","MP_E1|Australia: Hughes Creek|36.9955548001522 S 145.29117112222 E|24-Oct-2007|Alastair McDonald",NA,NA,NA,NA
"264","KT626223","Macquarie perch","984698265","MP_E10|Australia: Hughes Creek|36.9955548001522 S 145.29117112222 E|11-Mar-2009|Joanne Kearns, Andrew Pickworth",NA,NA,NA,NA
"265","KT626224","Macquarie perch","984698266","MP_E11|Australia: Hughes Creek|36.9955548001522 S 145.29117112222 E|11-Mar-2009|Joanne Kearns, Andrew Pickworth",NA,NA,NA,NA
"266","KT626225","Macquarie perch","984698267","MP_E12|Australia: Hughes Creek|36.9955548001522 S 145.29117112222 E|11-Mar-2009|Joanne Kearns, Andrew Pickworth",NA,NA,NA,NA
"267","KT626226","Macquarie perch","984698268","MP_E13|Australia: Hughes Creek|36.9955548001522 S 145.29117112222 E|11-Mar-2009|Joanne Kearns, Andrew Pickworth",NA,NA,NA,NA
"268","KT626227","Macquarie perch","984698269","MP_E14|Australia: Hughes Creek|36.9955548001522 S 145.29117112222 E|11-Mar-2009|Joanne Kearns, Andrew Pickworth",NA,NA,NA,NA
"269","KT626228","Macquarie perch","984698270","MP_E15|Australia: Hughes Creek|36.9955548001522 S 145.29117112222 E|11-Mar-2009|Joanne Kearns, Andrew Pickworth",NA,NA,NA,NA
"270","KT626229","Macquarie perch","984698271","MP_E2|Australia: Hughes Creek|36.9955548001522 S 145.29117112222 E|11-Mar-2009|Joanne Kearns, Andrew Pickworth",NA,NA,NA,NA
"271","KT626230","Macquarie perch","984698272","MP_E3|Australia: Hughes Creek|36.9955548001522 S 145.29117112222 E|11-Mar-2009|Joanne Kearns, Andrew Pickworth",NA,NA,NA,NA
"272","KT626231","Macquarie perch","984698273","MP_E4|Australia: Hughes Creek|36.9955548001522 S 145.29117112222 E|11-Mar-2009|Joanne Kearns, Andrew Pickworth",NA,NA,NA,NA
"273","KT626232","Macquarie perch","984698274","MP_E5|Australia: Hughes Creek|36.9955548001522 S 145.29117112222 E|11-Mar-2009|Joanne Kearns, Andrew Pickworth",NA,NA,NA,NA
"274","KT626233","Macquarie perch","984698275","MP_E7|Australia: Hughes Creek|36.9955548001522 S 145.29117112222 E|11-Mar-2009|Joanne Kearns, Andrew Pickworth",NA,NA,NA,NA
"275","KT626234","Macquarie perch","984698276","MP_E8|Australia: Hughes Creek|36.9955548001522 S 145.29117112222 E|11-Mar-2009|Joanne Kearns, Andrew Pickworth",NA,NA,NA,NA
"276","KT626235","Macquarie perch","984698277","MP_E9|Australia: Hughes Creek|36.9955548001522 S 145.29117112222 E|11-Mar-2009|Joanne Kearns, Andrew Pickworth",NA,NA,NA,NA
"277","KT626236","Macquarie perch","984698278","MP_F31|Australia: Sevens Creek|36.87955 S 145.619817 E|27-Apr-2011/29-Apr-2011|Justin O'Mahony and Joanne Kearns",NA,NA,NA,NA
"278","KT626237","Macquarie perch","984698279","MP_F32|Australia: Sevens Creek|36.87955 S 145.619817 E|27-Apr-2011/29-Apr-2011|Justin O'Mahony and Joanne Kearns",NA,NA,NA,NA
"279","KT626238","Macquarie perch","984698280","MP_F33|Australia: Sevens Creek|36.87955 S 145.619817 E|27-Apr-2011/29-Apr-2011|Justin O'Mahony and Joanne Kearns",NA,NA,NA,NA
"280","KT626239","Macquarie perch","984698281","MP_F34|Australia: Sevens Creek|36.87955 S 145.619817 E|27-Apr-2011/29-Apr-2011|Justin O'Mahony and Joanne Kearns",NA,NA,NA,NA
"281","KT626240","Macquarie perch","984698282","MP_F35|Australia: Sevens Creek|36.87955 S 145.619817 E|27-Apr-2011/29-Apr-2011|Justin O'Mahony and Joanne Kearns",NA,NA,NA,NA
"282","KT626241","Macquarie perch","984698283","MP_F37|Australia: Sevens Creek|36.87955 S 145.619817 E|27-Apr-2011/29-Apr-2011|Justin O'Mahony and Joanne Kearns",NA,NA,NA,NA
"283","KT626242","Macquarie perch","984698284","MP_F38|Australia: Sevens Creek|36.87955 S 145.619817 E|27-Apr-2011/29-Apr-2011|Justin O'Mahony and Joanne Kearns",NA,NA,NA,NA
"284","KT626243","Macquarie perch","984698285","MP_F39|Australia: Sevens Creek|36.87955 S 145.619817 E|27-Apr-2011/29-Apr-2011|Justin O'Mahony and Joanne Kearns",NA,NA,NA,NA
"285","KT626244","Macquarie perch","984698286","MP_F40|Australia: Sevens Creek|36.87955 S 145.619817 E|27-Apr-2011/29-Apr-2011|Justin O'Mahony and Joanne Kearns",NA,NA,NA,NA
"286","KT626245","Macquarie perch","984698287","MP_F41|Australia: Sevens Creek|36.87955 S 145.619817 E|27-Apr-2011/29-Apr-2011|Justin O'Mahony and Joanne Kearns",NA,NA,NA,NA
"287","KT626246","Macquarie perch","984698288","MP_F42|Australia: Sevens Creek|36.87955 S 145.619817 E|27-Apr-2011/29-Apr-2011|Justin O'Mahony and Joanne Kearns",NA,NA,NA,NA
"288","KT626247","Macquarie perch","984698289","MP_F43|Australia: Sevens Creek|36.87955 S 145.619817 E|27-Apr-2011/29-Apr-2011|Justin O'Mahony and Joanne Kearns",NA,NA,NA,NA
"289","KT626248","Macquarie perch","984698290","MP_F44|Australia: Sevens Creek|36.87955 S 145.619817 E|27-Apr-2011/29-Apr-2011|Justin O'Mahony and Joanne Kearns",NA,NA,NA,NA
"290","KT626249","Macquarie perch","984698291","MP_F45|Australia: Sevens Creek|36.87955 S 145.619817 E|27-Apr-2011/29-Apr-2011|Justin O'Mahony and Joanne Kearns",NA,NA,NA,NA
"291","KT626250","Macquarie perch","984698292","MP_G11|Australia: Yarra River|37.73623 S 145.22248 E|08-Oct-2008|Scott Raymond",NA,NA,NA,NA
"292","KT626251","Macquarie perch","984698293","MP_G146|Australia: Yarra River|37.6814535845692 S 145.350897033564 E|29-Mar-2012|Scott Raymond",NA,NA,NA,NA
"293","KT626252","Macquarie perch","984698294","MP_G147|Australia: Yarra River|37.6814535845692 S 145.350897033564 E|29-Mar-2012|Scott Raymond",NA,NA,NA,NA
"294","KT626253","Macquarie perch","984698295","MP_G152|Australia: Yarra River|37.6786008052873 S 145.490492169596 E|02-Apr-2012|Scott Raymond",NA,NA,NA,NA
"295","KT626254","Macquarie perch","984698296","MP_G153|Australia: Yarra River|37.6741022348606 S 145.488984547325 E|02-Apr-2012|Scott Raymond",NA,NA,NA,NA
"296","KT626255","Macquarie perch","984698297","MP_G158|Australia: Yarra River|37.6954132551696 S 145.496446181839 E|03-Apr-2012|Scott Raymond",NA,NA,NA,NA
"297","KT626256","Macquarie perch","984698298","MP_G159|Australia: Yarra River|37.6954132551696 S 145.496446181839 E|03-Apr-2012|Scott Raymond",NA,NA,NA,NA
"298","KT626257","Macquarie perch","984698299","MP_G160|Australia: Yarra River|37.6954132551696 S 145.496446181839 E|03-Apr-2012|Scott Raymond",NA,NA,NA,NA
"299","KT626258","Macquarie perch","984698300","MP_G163|Australia: Yarra River|37.6629670947845 S 145.382641656842 E|05-Apr-2012|Scott Raymond",NA,NA,NA,NA
"300","KT626259","Macquarie perch","984698301","MP_G164|Australia: Yarra River|37.6629670947845 S 145.382641656842 E|05-Apr-2012|Scott Raymond",NA,NA,NA,NA
"301","KT626260","Macquarie perch","984698302","MP_G17|Australia: Yarra River|37.7515 S 145.1219 E|09-Oct-2008|Scott Raymond",NA,NA,NA,NA
"302","KT626261","Macquarie perch","984698303","MP_G174|Australia: Yarra River|37.6580133163138 S 145.420102233543 E|11-Apr-2012|Scott Raymond",NA,NA,NA,NA
"303","KT626262","Macquarie perch","984698304","MP_G175|Australia: Yarra River|37.6580133163138 S 145.420102233543 E|11-Apr-2012|Scott Raymond",NA,NA,NA,NA
"304","KT626263","Macquarie perch","984698305","MP_G179|Australia: Yarra River|37.733083972297 S 145.501971309791 E|04-Jun-2012|Scott Raymond",NA,NA,NA,NA
"305","KT626264","Macquarie perch","984698306","MP_G18|Australia: Yarra River|37.73708 S 145.14853 E|09-Oct-2008|Scott Raymond",NA,NA,NA,NA
"306","KT626265","Macquarie perch","984698307","MP_G182|Australia: Yarra River|37.7856744271821 S 145.014028937585 E|22-Mar-2012|Scott Raymond",NA,NA,NA,NA
"307","KT626266","Macquarie perch","984698308","MP_G183|Australia: Yarra River|37.785326568595 S 145.04060929802 E|20-Mar-2012|Scott Raymond",NA,NA,NA,NA
"308","KT626267","Macquarie perch","984698309","MP_G184|Australia: Yarra River|37.785326568595 S 145.04060929802 E|20-Mar-2012|Scott Raymond",NA,NA,NA,NA
"309","KT626268","Macquarie perch","984698310","MP_G185|Australia: Yarra River|37.785326568595 S 145.04060929802 E|20-Mar-2012|Scott Raymond",NA,NA,NA,NA
"310","KT626269","Macquarie perch","984698311","MP_G186|Australia: Yarra River|37.785326568595 S 145.04060929802 E|20-Mar-2012|Scott Raymond",NA,NA,NA,NA
"311","KT626270","Macquarie perch","984698312","MP_G188|Australia: Yarra River|37.7884201753536 S 145.041844839126 E|22-Mar-2012|Scott Raymond",NA,NA,NA,NA
"312","KT626271","Macquarie perch","984698313","MP_G19|Australia: Yarra River|37.7515 S 145.1219 E|09-Oct-2008|Scott Raymond",NA,NA,NA,NA
"313","KT626272","Macquarie perch","984698314","MP_G190|Australia: Yarra River|37.6614882659654 S 145.37537285757 E|05-May-2013|Rhys Coleman",NA,NA,NA,NA
"314","KT626273","Macquarie perch","984698315","MP_G191|Australia: Yarra River|37.6614882659654 S 145.37537285757 E|05-May-2013|Rhys Coleman",NA,NA,NA,NA
"315","KT626274","Macquarie perch","984698316","MP_G192|Australia: Yarra River|37.6629670934542 S 145.382641656859 E|05-May-2013|Rhys Coleman",NA,NA,NA,NA
"316","KT626275","Macquarie perch","984698317","MP_G231|Australia: Yarra River|37.7884201740222 S 145.041844839147 E|29-Jul-2013|Rhys Coleman",NA,NA,NA,NA
"317","KT626276","Macquarie perch","984698318","MP_G232|Australia: Yarra River|37.7884201740222 S 145.041844839147 E|29-Jul-2013|Rhys Coleman",NA,NA,NA,NA
"318","KT626277","Macquarie perch","984698319","MP_G233|Australia: Yarra River|37.7884201740222 S 145.041844839147 E|29-Jul-2013|Rhys Coleman",NA,NA,NA,NA
"319","KT626278","Macquarie perch","984698320","MP_G234|Australia: Yarra River|37.7884201740222 S 145.041844839147 E|29-Jul-2013|Rhys Coleman",NA,NA,NA,NA
"320","KT626279","Macquarie perch","984698321","MP_G235|Australia: Yarra River|37.6786008039565 S 145.490492169611 E|30-Jul-2013|Rhys Coleman",NA,NA,NA,NA
"321","KT626280","Macquarie perch","984698322","MP_G236|Australia: Yarra River|37.7853265672636 S 145.04060929804 E|31-Jul-2013|Rhys Coleman",NA,NA,NA,NA
"322","KT626281","Macquarie perch","984698323","MP_G237|Australia: Yarra River|37.7853265672636 S 145.04060929804 E|31-Jul-2013|Rhys Coleman",NA,NA,NA,NA
"323","KT626282","Macquarie perch","984698324","MP_G32|Australia: Yarra River|37.75966667 S 145.07713333 E|22-Oct-2008|Scott Raymond",NA,NA,NA,NA
"324","KT626283","Macquarie perch","984698325","MP_G38|Australia: Yarra River|37.7612 S 145.07775 E|22-Oct-2008|Scott Raymond",NA,NA,NA,NA
"325","KT626284","Macquarie perch","984698326","MP_G39|Australia: Yarra River|37.7612 S 145.07775 E|22-Oct-2008|Scott Raymond",NA,NA,NA,NA
"326","KT626285","Macquarie perch","984698327","MP_G40|Australia: Yarra River|37.7612 S 145.07775 E|22-Oct-2008|Scott Raymond",NA,NA,NA,NA
"327","KT626286","Macquarie perch","984698328","MP_G41|Australia: Yarra River|37.7612 S 145.07775 E|22-Oct-2008|Scott Raymond",NA,NA,NA,NA
"328","KT626287","Macquarie perch","984698329","MP_G42|Australia: Yarra River|37.7612 S 145.07775 E|22-Oct-2008|Scott Raymond",NA,NA,NA,NA
"329","KT626288","Macquarie perch","984698330","MP_G43|Australia: Yarra River|37.7612 S 145.07775 E|22-Oct-2008|Scott Raymond",NA,NA,NA,NA
"330","KT626289","Macquarie perch","984698331","MP_G7|Australia: Yarra River|37.72856 S 145.24233 E|08-Oct-2008|Scott Raymond",NA,NA,NA,NA
"331","KT626290","Macquarie perch","984698332","MP_G9|Australia: Yarra River|37.7349483333333 S 145.238768333333 E|08-Oct-2008|Scott Raymond",NA,NA,NA,NA
"332","KT626291","Macquarie perch","984698333","MP_GB16|Australia: Glenbrook Creek|33.77614 S 150.60697 E|10-Nov-2010|Justin Stanger",NA,NA,NA,NA
"333","KT626292","Macquarie perch","984698334","MP_GB17|Australia: Glenbrook Creek|33.77614 S 150.60697 E|10-Nov-2010|Justin Stanger",NA,NA,NA,NA
"334","KT626293","Macquarie perch","984698335","MP_GB18|Australia: Glenbrook Creek|33.77614 S 150.60697 E|10-Nov-2010|Justin Stanger",NA,NA,NA,NA
"335","KT626294","Macquarie perch","984698336","MP_GB19|Australia: Glenbrook Creek|33.7486 S 150.6007 E|06-May-2009|Matt Timmins",NA,NA,NA,NA
"336","KT626295","Macquarie perch","984698337","MP_GB26|Australia: Glenbrook Creek|33.7486 S 150.6007 E|02-Aug-2011|Jonathon Doyle",NA,NA,NA,NA
"337","KT626296","Macquarie perch","984698338","MP_GB27|Australia: Glenbrook Creek|33.7486 S 150.6007 E|02-Aug-2011|Jonathon Doyle",NA,NA,NA,NA
"338","KT626297","Macquarie perch","984698339","MP_GB28|Australia: Glenbrook Creek|33.7486 S 150.6007 E|02-Aug-2011|Jonathon Doyle",NA,NA,NA,NA
"339","KT626298","Macquarie perch","984698340","MP_GB33|Australia: Glenbrook Creek|33.77815 S 150.6177 E|08-Jul-2011|Jonathon Doyle",NA,NA,NA,NA
"340","KT626299","Macquarie perch","984698341","MP_GB34|Australia: Glenbrook Creek|33.77815 S 150.6177 E|08-Jul-2011|Jonathon Doyle",NA,NA,NA,NA
"341","KT626300","Macquarie perch","984698342","MP_GB35|Australia: Glenbrook Creek|33.77815 S 150.6177 E|08-Jul-2011|Jonathon Doyle",NA,NA,NA,NA
"342","KT626301","Macquarie perch","984698343","MP_GBR01|Australia: Yarra River|37.70299 S 145.2891 E|08-Nov-2012|Brett Ingram",NA,NA,NA,NA
"343","KT626302","Macquarie perch","984698344","MP_GBR02|Australia: Yarra River|37.70299 S 145.2891 E|08-Nov-2012|Brett Ingram",NA,NA,NA,NA
"344","KT626303","Macquarie perch","984698345","MP_GBR03|Australia: Yarra River|37.70299 S 145.2891 E|08-Nov-2012|Brett Ingram",NA,NA,NA,NA
"345","KT626304","Macquarie perch","984698346","MP_GBR04|Australia: Yarra River|37.70299 S 145.2891 E|08-Nov-2012|Brett Ingram",NA,NA,NA,NA
"346","KT626305","Macquarie perch","984698347","MP_GBR05|Australia: Yarra River|37.70299 S 145.2891 E|08-Nov-2012|Brett Ingram",NA,NA,NA,NA
"347","KT626306","Macquarie perch","984698348","MP_GBR06|Australia: Yarra River|37.70299 S 145.2891 E|08-Nov-2012|Brett Ingram",NA,NA,NA,NA
"348","KT626307","Macquarie perch","984698349","MP_GBR07|Australia: Yarra River|37.70299 S 145.2891 E|08-Nov-2012|Brett Ingram",NA,NA,NA,NA
"349","KT626308","Macquarie perch","984698350","MP_GBR08|Australia: Yarra River|37.70299 S 145.2891 E|08-Nov-2012|Brett Ingram",NA,NA,NA,NA
"350","KT626309","Macquarie perch","984698351","MP_GBR09|Australia: Yarra River|37.70299 S 145.2891 E|08-Nov-2012|Brett Ingram",NA,NA,NA,NA
"351","KT626310","Macquarie perch","984698352","MP_GBR10|Australia: Yarra River|37.70299 S 145.2891 E|08-Nov-2012|Brett Ingram",NA,NA,NA,NA
"352","KT626311","Macquarie perch","984698353","MP_GBR11|Australia: Yarra River|37.70299 S 145.2891 E|08-Nov-2012|Brett Ingram",NA,NA,NA,NA
"353","KT626312","Macquarie perch","984698354","MP_GBR12|Australia: Yarra River|37.70299 S 145.2891 E|08-Nov-2012|Brett Ingram",NA,NA,NA,NA
"354","KT626313","Macquarie perch","984698355","MP_GBR13|Australia: Yarra River|37.70299 S 145.2891 E|08-Nov-2012|Brett Ingram",NA,NA,NA,NA
"355","KT626314","Macquarie perch","984698356","MP_GBR14|Australia: Yarra River|37.70299 S 145.2891 E|08-Nov-2012|Brett Ingram",NA,NA,NA,NA
"356","KT626315","Macquarie perch","984698357","MP_GBR15|Australia: Yarra River|37.70299 S 145.2891 E|08-Nov-2012|Brett Ingram",NA,NA,NA,NA
"357","KT626316","Macquarie perch","984698358","MP_GBR16|Australia: Yarra River|37.70299 S 145.2891 E|08-Nov-2012|Brett Ingram",NA,NA,NA,NA
"358","KT626317","Macquarie perch","984698359","MP_GBR17|Australia: Yarra River|37.70299 S 145.2891 E|08-Nov-2012|Brett Ingram",NA,NA,NA,NA
"359","KT626318","Macquarie perch","984698360","MP_GBR18|Australia: Yarra River|37.70299 S 145.2891 E|08-Nov-2012|Brett Ingram",NA,NA,NA,NA
"360","KT626319","Macquarie perch","984698361","MP_GBR19|Australia: Yarra River|37.70299 S 145.2891 E|08-Nov-2012|Brett Ingram",NA,NA,NA,NA
"361","KT626320","Macquarie perch","984698362","MP_GBR20|Australia: Yarra River|37.70299 S 145.2891 E|08-Nov-2012|Brett Ingram",NA,NA,NA,NA
"362","KT626321","Macquarie perch","984698363","MP_GBR22|Australia: Yarra River|37.73109 S 145.2061 E|11-Nov-2012|Brett Ingram",NA,NA,NA,NA
"363","KT626322","Macquarie perch","984698364","MP_GBR23|Australia: Yarra River|37.73109 S 145.2061 E|11-Nov-2012|Brett Ingram",NA,NA,NA,NA
"364","KT626323","Macquarie perch","984698365","MP_GBR24|Australia: Yarra River|37.73109 S 145.2061 E|11-Nov-2012|Brett Ingram",NA,NA,NA,NA
"365","KT626324","Macquarie perch","984698366","MP_GBR25|Australia: Yarra River|37.73109 S 145.2061 E|11-Nov-2012|Brett Ingram",NA,NA,NA,NA
"366","KT626325","Macquarie perch","984698367","MP_GBR26|Australia: Yarra River|37.73109 S 145.2061 E|11-Nov-2012|Brett Ingram",NA,NA,NA,NA
"367","KT626326","Macquarie perch","984698368","MP_GBR27|Australia: Yarra River|37.73109 S 145.2061 E|11-Nov-2012|Brett Ingram",NA,NA,NA,NA
"368","KT626327","Macquarie perch","984698369","MP_L32|Australia: Cotter River|35.31963 S 148.930669 E|04-Apr-2011|Mark Lintermans",NA,NA,NA,NA
"369","KT626328","Macquarie perch","984698370","MP_L33|Australia: Cotter River|35.31963 S 148.930669 E|04-Apr-2011|Mark Lintermans",NA,NA,NA,NA
"370","KT626329","Macquarie perch","984698371","MP_L61|Australia: Cotter River|35.31963 S 148.930669 E|2006|Mark Lintermans",NA,NA,NA,NA
"371","KT626330","Macquarie perch","984698372","MP_L62|Australia: Cotter River|35.31963 S 148.930669 E|2006|Mark Lintermans",NA,NA,NA,NA
"372","KT626331","Macquarie perch","984698373","MP_L63|Australia: Cotter River|35.31963 S 148.930669 E|2006|Mark Lintermans",NA,NA,NA,NA
"373","KT626332","Macquarie perch","984698374","MP_L88|Australia: Cotter River|35.31963 S 148.930669 E|02-May-2012|Mark Lintermans",NA,NA,NA,NA
"374","KT626333","Macquarie perch","984698375","MP_LN21|Australia: Lachlan River|34.26559 S 149.11879 E|21-Nov-2006|Dean Gilligan",NA,NA,NA,NA
"375","KT626334","Macquarie perch","984698376","MP_LN22|Australia: Lachlan River|34.26559 S 149.11879 E|21-Nov-2006|Dean Gilligan",NA,NA,NA,NA
"376","KT626335","Macquarie perch","984698377","MP_LN23|Australia: Lachlan River|34.26559 S 149.11879 E|21-Nov-2006|Dean Gilligan",NA,NA,NA,NA
"377","KT626336","Macquarie perch","984698378","MP_LN24|Australia: Lachlan River|34.26559 S 149.11879 E|21-Nov-2006|Dean Gilligan",NA,NA,NA,NA
"378","KT626337","Macquarie perch","984698379","MP_LN25|Australia: Lachlan River|34.41726951 S 149.09588148 E|03-Jul-2008|Michael Rodgers",NA,NA,NA,NA
"379","KT626338","Macquarie perch","984698380","MP_LT20|Australia: Little River|34.17391 S 150.45073 E|24-Aug-2011|Jonathon Doyle",NA,NA,NA,NA
"380","KT626339","Macquarie perch","984698381","MP_LT21|Australia: Little River|34.15119 S 150.44995 E|04-Aug-2011|Jonathon Doyle",NA,NA,NA,NA
"381","KT626340","Macquarie perch","984698382","MP_LT22|Australia: Little River|34.17391 S 150.45073 E|24-Aug-2011|Jonathon Doyle",NA,NA,NA,NA
"382","KT626341","Macquarie perch","984698383","MP_LT23|Australia: Little River|34.18802 S 150.46519 E|04-Aug-2011|Jonathon Doyle",NA,NA,NA,NA
"383","KT626342","Macquarie perch","984698384","MP_LT24|Australia: Little River|34.18802 S 150.46519 E|04-Aug-2011|Jonathon Doyle",NA,NA,NA,NA
"384","KT626343","Macquarie perch","984698385","MP_LT25|Australia: Little River|34.18802 S 150.46519 E|04-Aug-2011|Jonathon Doyle",NA,NA,NA,NA
"385","KT626344","Macquarie perch","984698386","MP_LT29|Australia: Little River|34.19152 S 150.46396 E|22-Jun-2011|Jonathon Doyle",NA,NA,NA,NA
"386","KT626345","Macquarie perch","984698387","MP_LT30|Australia: Little River|34.18802 S 150.46519 E|04-Aug-2011|Jonathon Doyle",NA,NA,NA,NA
"387","KT626346","Macquarie perch","984698388","MP_LT31|Australia: Little River|34.18802 S 150.46519 E|20-Jun-2012|Jonathon Doyle",NA,NA,NA,NA
"388","KT626347","Macquarie perch","984698389","MP_LT32|Australia: Little River|34.18802 S 150.46519 E|20-Jun-2012|Jonathon Doyle",NA,NA,NA,NA
"389","KT626348","Macquarie perch","984698390","MP_M11|Australia: Murrumbidgee River|36.15949 S 149.0044153 E|05-May-2011|Mark Lintermans",NA,NA,NA,NA
"390","KT626349","Macquarie perch","984698391","MP_M12|Australia: Murrumbidgee River|36.15949 S 149.0044153 E|05-May-2011|Mark Lintermans",NA,NA,NA,NA
"391","KT626350","Macquarie perch","984698392","MP_M13|Australia: Murrumbidgee River|36.15949 S 149.0044153 E|05-May-2011|Mark Lintermans",NA,NA,NA,NA
"392","KT626351","Macquarie perch","984698393","MP_M14|Australia: Murrumbidgee River|36.15949 S 149.0044153 E|05-May-2011|Mark Lintermans",NA,NA,NA,NA
"393","KT626352","Macquarie perch","984698394","MP_M15|Australia: Murrumbidgee River|36.15949 S 149.0044153 E|05-May-2011|Mark Lintermans",NA,NA,NA,NA
"394","KT626353","Macquarie perch","984698395","MP_M16|Australia: Murrumbidgee River|36.15949 S 149.0044153 E|05-May-2011|Mark Lintermans",NA,NA,NA,NA
"395","KT626354","Macquarie perch","984698396","MP_M17|Australia: Murrumbidgee River|36.15949 S 149.0044153 E|05-May-2011|Mark Lintermans",NA,NA,NA,NA
"396","KT626355","Macquarie perch","984698397","MP_M18|Australia: Murrumbidgee River|36.15949 S 149.0044153 E|05-May-2011|Mark Lintermans",NA,NA,NA,NA
"397","KT626356","Macquarie perch","984698398","MP_M19|Australia: Murrumbidgee River|36.15949 S 149.0044153 E|05-May-2011|Mark Lintermans",NA,NA,NA,NA
"398","KT626357","Macquarie perch","984698399","MP_M20|Australia: Murrumbidgee River|36.15949 S 149.0044153 E|05-May-2011|Mark Lintermans",NA,NA,NA,NA
"399","KT626358","Macquarie perch","984698400","MP_N01|Australia: Cotter River|35.346623 S 148.890709 E|25-Mar-2011|Mark Lintermans",NA,NA,NA,NA
"400","KT626359","Macquarie perch","984698401","MP_N02|Australia: Cotter River|35.346623 S 148.890709 E|25-Mar-2011|Mark Lintermans",NA,NA,NA,NA
"401","KT626360","Macquarie perch","984698402","MP_N03|Australia: Cotter River|35.346623 S 148.890709 E|25-Mar-2011|Mark Lintermans",NA,NA,NA,NA
"402","KT626361","Macquarie perch","984698403","MP_N04|Australia: Cotter River|35.346623 S 148.890709 E|25-Mar-2011|Mark Lintermans",NA,NA,NA,NA
"403","KT626362","Macquarie perch","984698404","MP_N05|Australia: Cotter River|35.346623 S 148.890709 E|25-Mar-2011|Mark Lintermans",NA,NA,NA,NA
"404","KT626363","Macquarie perch","984698405","MP_N21|Australia: Cotter River|35.346623 S 148.890709 E|25-Mar-2011|Mark Lintermans",NA,NA,NA,NA
"405","KT626364","Macquarie perch","984698406","MP_N22|Australia: Cotter River|35.361699 S 148.877614 E|09-Mar-2011|Mark Lintermans",NA,NA,NA,NA
"406","KT626365","Macquarie perch","984698407","MP_N23|Australia: Cotter River|35.361699 S 148.877614 E|09-Mar-2011|Mark Lintermans",NA,NA,NA,NA
"407","KT626366","Macquarie perch","984698408","MP_WC1|Australia: Wheeny Creek|33.47399 S 150.67232 E|06-May-2005|Leanne Faulks",NA,NA,NA,NA
"408","KT626367","Macquarie perch","984698409","MP_WC12|Australia: Wheeny Creek|33.47399 S 150.67232 E|06-May-2005|Leanne Faulks",NA,NA,NA,NA
"409","KT626368","Macquarie perch","984698410","MP_WC13|Australia: Wheeny Creek|33.47399 S 150.67232 E|06-May-2005|Leanne Faulks",NA,NA,NA,NA
"410","KT626369","Macquarie perch","984698411","MP_WC15|Australia: Wheeny Creek|33.47399 S 150.67232 E|06-May-2005|Leanne Faulks",NA,NA,NA,NA
"411","KT626370","Macquarie perch","984698412","MP_WC16|Australia: Wheeny Creek|33.47399 S 150.67232 E|06-May-2005|Leanne Faulks",NA,NA,NA,NA
"412","KT626371","Macquarie perch","984698413","MP_WC2|Australia: Wheeny Creek|33.47399 S 150.67232 E|06-May-2005|Leanne Faulks",NA,NA,NA,NA
"413","KT626372","Macquarie perch","984698414","MP_C1|Australia: Dartmouth Reservoir|36.7239 S 147.6588 E|27-Oct-2008|Zeb Tonkin",NA,NA,NA,NA
"414","KT626373","Macquarie perch","984698415","MP_G10|Australia: Yarra River|37.73623 S 145.22248 E|08-Oct-2008|Scott Raymond",NA,NA,NA,NA
"415","KT626374","Macquarie perch","984698416","MP_D2|Australia: King Parrot Creek|37.1808 S 145.2493 E|11-May-2008|Dean Gilligan",NA,NA,NA,NA
"416","KT626375","Macquarie perch","984698417","MP_E6|Australia: Hughes Creek|36.9955548001522 S 145.29117112222 E|11-Mar-2009|Joanne Kearns, Andrew Pickworth",NA,NA,NA,NA
"417","KT626376","Macquarie perch","984698418","MP_F36|Australia: Sevens Creek|36.87955 S 145.619817 E|27-Apr-2011/29-Apr-2011|Justin O'Mahony and Joanne Kearns",NA,NA,NA,NA
"418","KT626377","Macquarie perch","984698419","MP_WC14|Australia: Wheeny Creek|33.47399 S 150.67232 E|06-May-2005|Leanne Faulks",NA,NA,NA,NA
"419","KT626378","Macquarie perch","984698420","MP_CR47|Australia: Cataract River|34.2269253 S 150.755961 E|12-Sep-2013|Dean Gilligan",NA,NA,NA,NA
"420","KT626379","Macquarie perch","984698421","MP_L31|Australia: Cotter River|35.31963 S 148.930669 E|04-Apr-2011|Mark Lintermans",NA,NA,NA,NA
"421","KT626380","Macquarie perch","984698422","MP_B1|Australia: Hollands Creek|36.735342 S 146.100558 E|27-Nov-2007|Alasdair McDonald, Joanne Kearns",NA,NA,NA,NA
"422","KT626381","Macquarie perch","984698423","MP_CR43|Australia: Cataract River|34.2269253 S 150.755961 E|12-Sep-2013|Dean Gilligan",NA,NA,NA,NA
"423","NC_023383","Macquarie perch","575669804","MP_C1|male|USA:Mitta Mitta River Inflow, Dartmouth Lake|27-Oct-2008|Zeb Tonkin",NA,NA,NA,NA
